question,category,document
How can I receive compensation for my insurance claim?,CLAIMS,da0592e6
"What steps do I need to follow to get paid after filing a claim, please guide me quickly.",CLAIMS,da0592e6
Is there an efficient way to submit and confirm the payment process post-claim submission?,CLAIMS,da0592e6
I'm facing difficulties with sorting out payments for my insurance payout; can someone assist immediately?,CLAIMS,da0592e6
"After settling claims at your firm, what is involved in receiving a related reimbursement or compensation?",CLAIMS,da0592e6
Where can I receive the insurance payment due to my claim?,CLAIMS,c529ffe0
How do I get paid for a valid insurance claim?,CLAIMS,c529ffe0
"I'm trying to finalize my insurance payout. Could you guide me through it on your website, please?",CLAIMS,c529ffe0
Could someone show me how exactly to receive payments from an issued claim step by step using the interface? I need help.,CLAIMS,c529ffe0
Is there a section where customers can verify and complete their payment option for claims?,CLAIMS,c529ffe0
How can I formally accept the settlement offered to me?,CLAIMS,0a7a131b
What are the steps involved in accepting a settlement offer from my insurance company?,CLAIMS,0a7a131b
"I'm considering an accepted settlement, how do I finalize it through your platform?",CLAIMS,0a7a131b
Can you guide me on verifying and confirming that I accept a claimed amount as agreed with Insurance Company XYZ.,CLAIMS,0a7a131b
What additional documentation is required for someone to prove they have duly accepted the insurer's settlement offer?,CLAIMS,0a7a131b
What should I do if the offered settlement isn't what I was expecting?,CLAIMS,0f2c9536
Can you help me write a formal letter to reject their initial offer for my claim since it doesn'bot seem right?,CLAIMS,0f2c9536
"How can I ensure that when rebuffing such an offer, all critical details have been included and communicated properly?",CLAIMS,0f2c9536
"After writing the dismissal of this settlement proposal in my email correspondence, whom should I contact to confirm they received my message without mistakes?",CLAIMS,0f2c9536
Is it alright if we speak directly about rejecting a bad deal here right away or do I need any formalities first?,CLAIMS,0f2c9536
Can someone tell me where I can check the current status of my auto insurance claim?,CLAIMS,c3936021
How do I monitor progress on a submitted insurance claim for my car accident?,CLAIMS,c3936021
"I'm looking to see if my recent auto-insurance case has been resolved; how long does this take and what do I need to look out for in the system, please explain?",CLAIMS,c3936021
What steps are necessary to view details on an insurance claim that is already made using your online portal?,CLAIMS,c3936021
Where should I negotiate my insurance settlement?,CLAIMS,78df2ecb
"To what extent can we negotiate our claim's payment terms with the insurer, and where do these discussions typically occur?",CLAIMS,78df2ecb
Is it necessary to collect any documents before starting a negotiation for fair compensation from my insurance company?,CLAIMS,78df2ecb
How should I approach initiating contact with an representative about adjusting or disputing our current claim settlement offer?,CLAIMS,78df2ecb
Can you guide me on the process of presenting counter-evidence in negotiations to ensure adequate coverage based on my policy terms?,CLAIMS,78df2ecb
"I'm having trouble initiating my payment, can you guide me through it?",CLAIMS,763186f1
What steps do I need to follow to receive the insurance payout for my claim?,CLAIMS,763186f1
How long does it take to get paid after filing a legitimate claim with your company?,CLAIMS,763186f1
Could someone walk me through setting up payment options on my account dashboard?,CLAIMS,763186f1
"Why aren't I seeing activity regarding the receipt of payments for my claims, and how can this be resolved urgently?",CLAIMS,763186f1
"I want to accept my settlement offer, where can I start this process?",CLAIMS,4e71ecb5
Could you guide me through the steps required for accepting a claim’s payment in our insurance portal?,CLAIMS,4e71ecb5
What do I need to understand before clicking 'Accept' on a settlement proposal by email?,CLAIMS,4e71ecb5
"In case of online claims, how do I finalize my agreement with an accepted offer using your platform?",CLAIMS,4e71ecb5
Can I accept the settlement offer they provided? How do I go about doing this?,CLAIMS,a7af47f5
What steps should I take to formally agree to their settlement with my insurance claim?,CLAIMS,a7af47f5
"I received a letter offering me compensation. Are those terms acceptable, and if so how can we finalize this arrangement quickly without causing delay for the payment processing timeframe they mentioned?",CLAIMS,a7af47f5
Please explain in simple steps on accepting that money offer I got from you after my car has been declared non-repairable.,CLAIMS,a7af47f5
"I was told about an available settlement option, will it be possible to accept their initial proposal based on everything we've discussed regarding the damages?",CLAIMS,a7af47f5
How can I monitor the progress of my health insurance claim?,CLAIMS,be300837
What steps do I need to follow for tracking a personalized insurance claim on your platform?,CLAIMS,be300837
"Can you guide me through checking the status of my insurance payout process online, please?",CLAIMS,be300837
I've submitted an insurance claim: what is the procedure to check its current status and details here?,CLAIMS,be300837
How do I find information about how far along a specific health benefit case has come on your website?,CLAIMS,be300837
How do I start getting my insurance claim payment?,CLAIMS,4fe7a669
What are the steps to receive payment for an insurance claim exactly?,CLAIMS,4fe7a669
Could you guide me on how to get paid out from my insurance company regarding a recent claim?,CLAIMS,4fe7a669
I'm supposed to get reimbursed by our insurer. How can I request this payment through your platform?,CLAIMS,4fe7a669
Can someone walk me through the process of securing and confirming an insurance payout for my claim?,CLAIMS,4fe7a669
Can you help me track the status of my pet insurance claim?,CLAIMS,c0ed6f56
How can I find out where we are with processing my recent claim for my pet's healthcare costs?,CLAIMS,c0ed6f56
"I need to know if there have been any updates on the payment for my animal’s medical expenses, how do I check that?",CLAIMS,c0ed6f56
What steps should I take right now in order to find details about what happened with my claim submission?,CLAIMS,c0ed6f56
Could someone provide guidance on monitoring progress of our veterinary treatments' claims payout?,CLAIMS,c0ed6f56
How can I start getting my insurance claim payment?,CLAIMS,4b8fd553
What should I do to receive the payout for my insurance claim?,CLAIMS,4b8fd553
I need help initiating reimbursement. Can you guide me through it?,CLAIMS,4b8fd553
"Please, could someone assist me with receiving my settlement from an endorsed firm like InsurCorp regarding XYZ services (insurance-related matter)?",CLAIMS,4b8fd553
Could I get some instructions on how to proceed if I want the money for repaying medical expenses due after treatment?,CLAIMS,4b8fd553
"I want to check on the status of my life insurance claim, how can I do that?",CLAIMS,d1cefb18
Can you guide me through monitoring a pending claims for our company policies online?,CLAIMS,d1cefb18
How often should one review their unsettled life insurance payment requests and where can they find this info?,CLAIMS,d1cefb18
"Is there an easy way to see the current standing of my personal claim, please help.",CLAIMS,d1cefb18
"Hello, I am looking into getting updates for a recent claim – what’s the process?",CLAIMS,d1cefb18
Could you guide me on how to monitor the progression of my health insurance claim? I'm a bit lost.,CLAIMS,1315331c
"I want to find out where we are with our recent claim. How do I go about tracking that status in your system, please?",CLAIMS,1315331c
Can someone show or explain steps for checking the current phase of processing my claimed amount through an explanation rather than direct guidance would be appreciated as well.,CLAIMS,1315331c
It's urgent – how quickly can we access information on our claim to see where it stands at this moment in time? I need specific details right away!,CLAIMS,1315331c
I am trying to figure out the updates of my insurance submission. What should I expect when looking into this through your portal?,CLAIMS,1315331c
Where should I be heading to begin negotiating my settlement offer?,CLAIMS,d946e0a8
Can you guide me through how to start discussions for a claim settlement negotiation?,CLAIMS,d946e0a8
I want some pointers on handling and approaching the insurance company about adjusting our current settlement — where do we kick off these talks?,CLAIMS,d946e0a8
"What steps are recommended before talking to my insurer's representative in hopes of modifying their initial offer, you say?",CLAIMS,d946e0a8
How can I best conduct negotiations with my fuckung for a fair recompense?,CLAIMS,d946e0a8
Can you guide me on how to negotiate a settlement with my insurer?,CLAIMS,a2653bfa
What steps should I follow to improve an initial offer from the insurance company for settling my claim?,CLAIMS,a2653bfa
Could you help explain the process of getting a better counter-offer accepted by negotiation after receiving what seems like unfair terms initially provided in settlement offers?,CLAIMS,a2653bfa
"Is there a way to effectively communicate with my insurance adjuster about unacceptable elements in their initial settlement offer, using our policy details for support?",CLAIMS,a2653bfa
Can I initiate receiving my payment by logging into my account?,CLAIMS,0026b9c2
"I'm trying to get paid for a claim, how do I choose the right option on your site?",CLAIMS,0026b9c2
Would you please show me step-by-step instructions to confirm if someone will receive their insurance payout?,CLAIMS,0026b9c2
What should I click after going into my claims section in case of payment issues?,CLAIMS,0026b9c2
How can I make sure that the money for my claim actually goes through?,CLAIMS,0026b9c2
How do I check the progress of my pet insurance claim?,CLAIMS,e5ff7d41
Could you guide me on how to view a pending insurance claim for my pet's procedure?,CLAIMS,e5ff7d41
I need assistance in monitoring an unpaid medical bill; where can I find updates about it within your system.,CLAIMS,e5ff7d41
When should I expect the disbursement of funds following approval and reimbursement checks?,CLAIMS,e5ff7d41
What’s the status update process for my pet insurance claim?,CLAIMS,e5ff7d41
How do I check the status of my home insurance claim?,CLAIMS,8fcbefee
Where can I find information on an unsettled property insurance claim with your company?,CLAIMS,8fcbefee
I need to know where in the system I can view details about a pending household insurance payout.,CLAIMS,8fcbefee
Could you guide me through checking the progression of my recent house fire damage home claims?,CLAIMS,8fcbefee
What's our procedure for monitoring ongoing property claim statuses?,CLAIMS,8fcbefee
How do I accept a settlement offer from my insurance company?,CLAIMS,eb3d40af
What are the steps to formally agree on an offered settlement amount for my claim?,CLAIMS,eb3d40af
"I want to finalize accepting a payout, can you guide me through this process?",CLAIMS,eb3d40af
Could someone explain how I might proceed with cashing in on my insurance compensation offer?,CLAIMS,eb3d40af
What do I need to verify and sign off before confirming an accepted settlement for my claim?,CLAIMS,eb3d40af
Could you guide me on how to formally reject a settlement offer?,CLAIMS,0e509d50
I need instructions for declining an insurance claim settlement - where do I start?,CLAIMS,0e509d50
What should be the procedure if I refuse a cash settlement from the company?,CLAIMS,0e509d50
How can I dispute or send back my denied case's offered settlement deal to you guys?,CLAIMS,0e509d50
Can someone assist me with drafting and sending an email of appeal for rejecting their final offer?,CLAIMS,0e509d50
Could you guide me through the process of getting my compensation from a claim?,CLAIMS,52c3404a
What do I need to do to receive payment for my insurance claim?,CLAIMS,52c3404a
I'm confused about receiving payments. Can someone please clarify how it works and what steps are involved?,CLAIMS,52c3404a
"Can you walk me through the process of applying an approved compensation in a timely manner, step by step?",CLAIMS,52c3404a
What should I do with my account to begin receiving payment for my claim as soon as possible?,CLAIMS,52c3404a
How do I start the process to file a claim for my insurance policy?,CLAIMS,a022d7ab
"Could you guide me through filing a car accident claim on your portal as quickly as possible, please?",CLAIMS,a022d7ab
I need instructions on submitting homeowners' insurance claims. Can you help?,CLAIMS,a022d7ab
What steps must I take to promptly file a medical expense claim with my health policy provider for quick processing of reimbursement?,CLAIMS,a022d7ab
Could someone demonstrate the simplest way in which to lodge an urgent workplace injury compensation claim?,CLAIMS,a022d7ab
What steps should I follow to acknowledge the settlement offer?,CLAIMS,18f60bc2
Can you guide me on how to accept a claim resolution through your portal?,CLAIMS,18f60bc2
I received an insurance settlement; what do I need to confirm my agreement with it via their online system?,CLAIMS,18f60bc2
"How can I legally agree to the final settlement proposed by my insurer using your website's interface, and do they require any extra verification on top of that in such cases?",CLAIMS,18f60bc2
What does accepting a claim adjustment through an electronic portal involve procedurally?,CLAIMS,18f60bc2
Where can I access my account to start the compensation payment process from an insurance claim?,CLAIMS,78b39fb1
What do I need to do to receive a payout for the approved claim with your company?,CLAIMS,78b39fb1
I am not sure how to get paid after filing an effective insurance claim. Can you guide me through it?,CLAIMS,78b39fb1
"Can someone explain step-by-step on what needs to be done in order to initiate and complete a payment receipt for my validated claim, please hurry!",CLAIMS,78b39fb1
What steps are necessary if I need assistance while receiving my insurance payout as instructed?,CLAIMS,78b39fb1
Can you guide me through the process of accepting my settlement offer?,CLAIMS,b795fb2f
Please give me some instructions on how to formally accept a settlement from our company.,CLAIMS,b795fb2f
I'm not sure I understand the procedure for settling. Can you explain what needs to be done step by step?,CLAIMS,b795fb2f
"What is required to verify that I have accepted my insurance claim offer, and where can I do it quickly online?",CLAIMS,b795fb2f
"To ensure a smooth confirmation of accepting an insurer settlement via our website portal, could you walk me through the steps?",CLAIMS,b795fb2f
Can you guide me through the process of negotiating an acceptable settlement?,CLAIMS,8f71120d
What steps should I follow to initiate a claim negotiation with my insurer for appropriate compensation based on our policy's terms and conditions?,CLAIMS,8f71120d
I need assistance in starting discussions with my representative about reaching a fair deal—how do we go about that conversation effectively?,CLAIMS,8f71120d
"How can I draft a new settlement offer using the proper documentation, ensuring it aligns well with what's covered by our insurance policy?",CLAIMS,8f71120d
Could you suggest some tips on maintaining politeness and calm during negotiations to help me achieve quicker resolution?,CLAIMS,8f71120d
What steps should I take to accept the fair settlement offer?,CLAIMS,3f9aab69
Could you guide me through accepting my insurance claim's settlement proposal provided by your company?,CLAIMS,3f9aab69
"I need help following the process for settling what was agreed upon between us. How do I initiate this on our website portal, and what proof should I provide as identification along with my electronic signature?",CLAIMS,3f9aab69
Can you tell me precisely how to accept an insurance settlement offer—starting from reviewing its terms until confirmation that it's processed?,CLAIMS,3f9aab69
I am confused about the instructions for acknowledging a settlement deal. Can your support team clarify these steps immediately if something goes wrong?,CLAIMS,3f9aab69
How can I keep track of the status of my auto insurance claim?,CLAIMS,4281dcc3
What's the process to monitor an already submitted car accident case with you guys?,CLAIMS,4281dcc3
"I need to see how a recent vehicle collision report is coming along, where should I look for updates on this?",CLAIMS,4281dcc3
How can I go about filing a claim for my insurance coverage?,CLAIMS,9c74d81d
"What are the steps to submitting an insurance claim through your website and documents on hand? Can you help me understand how this would work with, let's say, home contents or personal items in case of damage caused by storm wind damage within 72 hours from occurrence without any issues arising during submission.",CLAIMS,9c74d81d
I was pelted with hail last weekend causing havoc to my garden. Can I still apply for a claim? What is the process and do timelines matter considering it's almost been two days while not knowing how urgent this issue might be given your response time policy?,CLAIMS,9c74d81d
"As someone who recently took out life insurance, where within your site would one find information on starting these kinds of claims after incidents like fatal car accidents occur close to my residence in the borough? And what's required for those situations specifically regarding documentation I may need from an area that experienced a multi-car pileup last night near me involving four cars.",CLAIMS,9c74d81d
"I forgot how exactly did this process work following our chat yesterday, particularly about identifying and filling out specific parts of my personal claim form. Also curious if your team might contact us for any clarifications as we navigate the nuances of filing a valid auto insurance claim right now.",CLAIMS,9c74d81d
"I'm looking to get reimbursed, how do I start the process with your company?",CLAIMS,ff55220e
What are the steps on hand should one want their insurance claim payment made through you guys quickly and efficiently?,CLAIMS,ff55220e
Could someone help me understand how to follow my own procedure after submitting a valid insurance claim for financial compensation from this office?,CLAIMS,ff55220e
"Where do I get in touch if there's any issue during the claims receiving process or need further assistance with getting back on track financially and promptly through your payment channels as per our previous agreement, please guide me meticulously.",CLAIMS,ff55220e
I recently filed my claim hoping for compensation; can you provide detailed guidance to ensure expedited processing of such payouts via bank transfer under the 'receive_payment' procedure outlined in your FAQ?,CLAIMS,ff55220e
How can I get my insurance claim payment?,CLAIMS,41958a1b
What are the steps to process a payout for an insurance coverage request?,CLAIMS,41958a1b
Could you guide me through receiving funds from a claimed insurance policy accidentally occurred loss?,CLAIMS,41958a1b
"I need assistance with retrieving money after filing my lost possession due claim. Can someone show how it’s done online, please?",CLAIMS,41958a1b
Can anyone share instructions on getting paid for an insured event quickly and efficiently?,CLAIMS,41958a1b
What's the quickest way to check on my claim status?,CLAIMS,397d065b
How can I find out what happened with my recent insurance claim request?,CLAIMS,397d065b
"Can you guide me on checking where exactly am in my claimed process, please?",CLAIMS,397d065b
I need assistance tracking my pending insurance claim; how do I proceed?,CLAIMS,397d065b
Is there a way to see if the claims team has looked into my file yet?,CLAIMS,397d065b
Where can I start if I want to negotiate a settlement for my claim with your company?,CLAIMS,ecdb96cd
What documents will I need before starting the negotiation process of reaching an insurance settlement as per our policy terms?,CLAIMS,ecdb96cd
"I received an offer from you, but it wasn't adequate. What should be my next step to discuss a fairer amount with your team handling claims and assessments using details on our coverage within the given policy limitations?",CLAIMS,ecdb96cd
"Can I approach representatives about adjusting their settlement proposal since additional supporting evidence has arisen due to new information in reference of specific clauses from my insurance agreement, hence increasing potential claim benefits that we previously couldn't assert without this documentation and deeper understanding on our coverage capacity?",CLAIMS,ecdb96cd
How do I formally reject a settlement offer and what steps should I follow?,CLAIMS,5236bba3
What documents are necessary for sending an email rejection of the proposed insurance settlement to my adjuster?,CLAIMS,5236bba3
"Can you give me detailed instructions on communicating with my claims assessor about not accepting their latest settlement proposal in writing form, using personal information justifications?",CLAIMS,5236bba3
"After declining a bad offer from your payout, I need some advice. How should and when must I express this decision to the insurer without missing any crucial elements or invoking unnecessary confrontation?",CLAIMS,5236bba3
"What's an effective strategy for verifying that my settlement rejection was acknowledged by claim handlers? Should there be a specific protocol followed, considering maintaining professional communication tone throughout the process using both email and calls as two channels of interaction. Required at our current stage.",CLAIMS,5236bba3
"I'd like to receive my insurance payment, what do I need to do?",CLAIMS,f3d6e45f
Where can I find information on how to get paid out for an insurance claim on your website?,CLAIMS,f3d6e45f
Could you guide me through the steps of receiving a payout from our insurance company?,CLAIMS,f3d6e45f
"I am having trouble with the payment process, please assist.",CLAIMS,f3d6e45f
How do I ensure that my claim's processing leads to compensation?,CLAIMS,f3d6e45f
Can you guide me on how to accept a settlement offer from your company? What steps do I need to follow exactly?,CLAIMS,1cf0a44b
I believe there's an insurance deal in my lap. Can someone assist me with the details of accepting this so-called 'settlement offer' through your portal? How does it work?,CLAIMS,1cf0a44b
Your settlement page seems a bit perplexing. What instructions should I adhere to when looking at the claim section and how do I give formal acceptance on their end? Any pointers would be great.,CLAIMS,1cf0a44b
"I just received an email about accepting some insurance company offer; it includes steps using your website's portal, right? Might you show me exactly what these instructions entail in layman’s terms?",CLAIMS,1cf0a44b
Help! I have to accept a settlement proposed by the insurance folks but they seem vague with their processes. Can someone elucidate how an informed decision on this would be best made using your website help guidelines?,CLAIMS,1cf0a44b
"I've received a settlement offer, and I want to reject it. Can you guide me through the process?",CLAIMS,665abcee
What steps are necessary for me to formally decline an insurance claim settlement proposal politely but firmly in writing?,CLAIMS,665abcee
"Is there a document or form from my insurer that outlines how to refuse a settlement deal, and can you provide it quickly before I miss any deadlines?",CLAIMS,665abcee
"I must reject the proposed settlement for my auto accident case; could someone assist me with this formal communication as soon as possible, please highlighting essential information like claim number?",CLAIMS,665abcee
How do I initiate the payment process for my claim?,CLAIMS,6020d17c
Can somebody assist me in getting paid from an insurance claim and what steps are needed to make this happen?,CLAIMS,6020d17c
"I am trying to receive reimbursement on a previous transaction, can you guide me through how that's done?",CLAIMS,6020d17c
There seems to be some issue with payment processing for my benefits. Can I get help resolving it fast or is there someone else who could assist in receiving the expected funds?,CLAIMS,6020d17c
What exact procedure do I need to follow if I want to request a reimbursement via insurance claim?,CLAIMS,6020d17c
How do I get my insurance payment?,CLAIMS,1ef3aeb0
"I need assistance with receiving my claim payout, what should I do first?",CLAIMS,1ef3aeb0
Could you guide me through the process of getting paid out for an insurance claim on your site?,CLAIMS,1ef3aeb0
What are the steps to claim and receive money from a recent insurance policy after filing their claims?,CLAIMS,1ef3aeb0
I'm trying to receive my payment for my filed claim; can you walk me through it?,CLAIMS,1ef3aeb0
Could you please guide me on how to accept an insurance settlement offer?,CLAIMS,c9429741
"What are the steps required for accepting a claim settlement, and could someone explain them simply?",CLAIMS,c9429741
I'm unsure about what to do next after receiving my policy payout. Could we walk through the procedure of settling it with you?,CLAIMS,c9429741
Can anyone assist me in understanding how I can formally accept an insurance offer for a claim settlement?,CLAIMS,c9429741
Can you guide me through the formal acceptance of my settlement offer?,CLAIMS,5fa07320
Please assist me in understanding how to confirm that I'll be officially accepting this insurance settlement.,CLAIMS,5fa07320
What steps do I need to follow on your website to finalize a fair agreement with my carrier?,CLAIMS,5fa07320
"I’d like step-by0429f5783c1: How can I accept an offered payment by clicking the appropriate button, and what personal details may be needed for authentication upon completion of said process?",CLAIMS,5fa07320
"After acknowledging this settlement via your online system, how will I receive confirmation that my agreement is in effect?",CLAIMS,5fa07320
I'm thinking about rejecting the settlement offer I received from your insurance company. How do I go about formally declining it?,CLAIMS,54a9629d
"What are the necessary steps to officially refuse a payout, and can you guide me through them?",CLAIMS,54a9629d
In what way should I send back an email or write formal letter if we're not going to accept your settlement proposal? My claim number is [Claim Number].,CLAIMS,54a9629d
How can I keep track of the status on my pet insurance claim?,CLAIMS,f33474c0
Where do I go to check if my recent pet insurance claim has been processed?,CLAIMS,f33474c0
"Could you guide me through monitoring a pending claim in our system, please?",CLAIMS,f33474c0
I'm having trouble seeing how an outstanding pet insurance claim is doing. What steps should I follow next?,CLAIMS,f33474c0
"I need to file a travel insurance claim, how do I go about it?",CLAIMS,5d69d9fe
Could you please explain the steps needed for filing an insurance claim online with my current policy?,CLAIMS,5d69d9fe
"Your guide on submitting a travel insurance claim is unclear. What should be included in these forms and what proof of documents are required, specifically for lost luggage reimbursement claims?",CLAIMS,5d69d9fe
How can I accept a settlement offer from my insurance company?,CLAIMS,4b69b54d
"I'm confused about the settlement terms, what steps do I need to take next?",CLAIMS,4b69b54d
Can you guide me on how to access and approve a specific settlement claim offered by our provider via your portal?,CLAIMS,4b69b54d
What should be the first action in accepting an insurance settlement offer received today?,CLAIMS,4b69b54d
I need assistance with submitting a claim. What should be my first step?,CLAIMS,96edacbd
"Can you guide me through the process of initiating an insurance claim for myself or family members under health coverage policies at your end, please provide details.",CLAIMS,96edacbd
Could I get brief instructions on how to go about filing a health-related insurance claim with evidence support needed directly via online medium?,CLAIMS,96edacbd
Kindly elaborate on the procedure followed by policyholders for submitting an immediate medical expense claims considering documents upload and authentication step required.,CLAIMS,96edacbd
"I'm looking into making my recent treatment cost effective as per company’s process. Might you shed light, urgently necessary?",CLAIMS,96edacbd
Can I formally reject the settlement offer? How do I go about it properly?,CLAIMS,0ec1f3f2
"I would like to refuse a recent claim payment, how should I proceed with that request?",CLAIMS,0ec1f3f2
What process is needed for me to decline an insurance settlement proposal offered recently?,CLAIMS,0ec1f3f2
"If I'm not satisfied with the amount in my settlement offer from your company, what steps can I take next while adhering to proper procedures?",CLAIMS,0ec1f3f2
Could you possibly provide instructions on dismissing a fairness dispute about an auto accident claim?,CLAIMS,0ec1f3f2
How can I check the status of my home insurance claim?,CLAIMS,e71ef374
What steps should I take to see where's an insurance claim that I made for my house in progress?,CLAIMS,e71ef374
"Can you guide me on how to find out about the updates regarding a specific property claim I submitted, please?",CLAIMS,e71ef374
I need some help understanding if my homeownership claims are being processed. Where can I get this info quickly and efficiently?,CLAIMS,e71ef374
What do I have to do in order to follow up with an unopened email from your team about the status of my claim for household damages?,CLAIMS,e71ef374
"I'm not happy with the settlement offer I received, could you guide me through how to formally reject it?",CLAIMS,3e25042f
The proposed payout seems unfair. What are my next steps for refusing this settlement?,CLAIMS,3e25042f
What should be in a formal letter of rejection if I don't accept their settlement terms?,CLAIMS,3e25042f
How do I officially decline the insurance company’s offered amount without causing issues with them?,CLAIMS,3e25042f
I need to send back my denial but not sure how. Could you help me structure it?,CLAIMS,3e25042f
How do I go about accepting a settlement offer from my insurance company?,CLAIMS,64dfbb58
Could you guide me through the process of signing acceptance for an out-of-court settlement on their site?,CLAIMS,64dfbb58
"What steps should I take if I decide to settle now and need instructions, please.",CLAIMS,64dfbb58
I want to finalize a claim settlement – how do we make this happen via the online portal?,CLAIMS,64dfbb58
Your insurance agent mentioned that there's an option for accepting their offer - could you tell me what exactly is involved in doing so?,CLAIMS,64dfbb58
"I'm confused about how to start the compensation payment process for my insurance claim, can you walk me through it?",CLAIMS,f566c208
What are the steps I should follow if I want to get paid after submitting an insurance claim?,CLAIMS,f566c208
How do I go about receiving my payout from a recent insurance claim on your platform?,CLAIMS,f566c208
"I'm having trouble processing payment for my claim. Could you guide me through it, please?",CLAIMS,f566c208
Can someone assist with the process of getting compensated under my policy?,CLAIMS,f566c208
"I'm having trouble getting my insurance payment, can you help me?",CLAIMS,92d6b689
What steps do I need to follow to receive the payout for my claim on your website?,CLAIMS,92d6b689
How do I select the option to request a receipt instead of waiting?,CLAIMS,92d6b689
"I'm not able to access the claims section where to find information about payments, can you guide me again please?",CLAIMS,92d6b689
The payment page froze on my end what should I be doing now?,CLAIMS,92d6b689
Can I negotiate a settlement with my insurance company for the current claim?,CLAIMS,ceeb67ba
"What is the process to effectively handle and potentially adjust an initial settlement offer provided by my insurer in relation to this incident, if it seems unfair or incorrect based on what was agreed upon earlier, considering that we have documented evidence from beforehand?",CLAIMS,ceeb67ba
Should I approach negotiations with composedness while ensuring that the terms of a fair compensation for damages are within reasonable limits as stated in my insurance policy and previous interactions?,CLAIMS,ceeb67ba
What steps do I need to follow to start filing a claim for my travel insurance?,CLAIMS,96a27424
I've lost some luggage and might qualify for compensation. What is the process to file such a claim with your company?,CLAIMS,96a27424
Can you guide me through submitting an insurance claim on your website?,CLAIMS,96a27424
"How do I submit claims related to my travel insurance policy, and what kind of information should I include in the form?",CLAIMS,96a27424
I need urgent assistance as I've misplaced some belongings during a recent trip. How soon can someone from your team review my filed claim?,CLAIMS,96a27424
What documents do I need to gather for a successful insurance settlement negotiation?,CLAIMS,2984716e
How can understanding my policy help me better negotiate with the claims adjuster?,CLAIMS,2984716e
In what way should I communicate discrepancies in the initial settlement offer politely but firmly?,CLAIMS,2984716e
What's a professional approach to drafting and presenting a counter-proposal for insurance negotiation?,CLAIMS,2984716e
How can I successfully negotiate a settlement?,CLAIMS,bc370c08
What steps should I follow to start the negotiation process for my claim's settlement amount?,CLAIMS,bc370c08
Can you guide me through collecting all necessary documents related to my insurance claim before starting a negotiation with the insurer?,CLAIMS,bc370c08
"Is it advisable to reach out directly and discuss discrepancies in the initial offer I received, according to my policy limits?",CLAIMS,bc370c08
How should I maintain professionalism during negotiations for better communication?,CLAIMS,bc370c08
How do I formally reject a settlement offer for my claim?,CLAIMS,5a71fe38
"What steps should I follow to decline the proposed insurance agreement in writing and by email, including what information must be communicated along with contact details mentioned therein.",CLAIMS,5a71fe38
I need guidance on providing formal notification about refusing an initialistation amount as part of claims settlement; how do I proceed?,CLAIMS,5a71fe38
"Can you detail the process for rejecting a payoff offer from my claim case, and what essential elements must be included in this communication? Also, could someone provide further assistance if needed beyond writing?",CLAIMS,5a71fe38
I was just handed an acceptance letter of settlement while dealing with your company. Could you guide me on how to effectively contest it as I wish not to agree?,CLAIMS,5a71fe38
I'm planning to file a claim; where do I submit it?,CLAIMS,db186939
"For home insurance claims, what steps should I follow?",CLAIMS,db186939
Could you guide me through the process of filing my property insurance claim?,CLAIMS,db186939
What’s the procedure for submitting an urgent auto coverclaim?,CLAIMS,db186939
"Could you guide me on how to reject a settlement offer, please?",CLAIMS,18a3cf1e
I need help understanding the process; how can I formally decline an insurance settlement letter and why is it important?,CLAIMS,18a3cf1e
"When dealing with denied or unsuitable payment offers from my claim's adjuster, what are the immediate actions I should take regarding this rejection email composition?",CLAIMS,18a3cf1e
[Short question seeking quick advice on rejecting a non-acceptable insurance settlement],CLAIMS,18a3cf1e
"In order to make sure that no unnecessary payments get made towards an unsuitable claim decision, how exactly am I supposed to respond formally and what key points should be included in such rejection?",CLAIMS,18a3cf1e
[A polite inquiry on the necessary steps for rejecting a settlement with reason],CLAIMS,18a3cf1e
How can I initiate receiving a payment for my insurance claim?,CLAIMS,53451aa9
"After making an insurance claim, what steps do I need to take to get paid back quickly? Please guide me.",CLAIMS,53451aa9
I'm waiting on your company to refund some of the cost; how should this process be done according to guidel the record you provided?,CLAIMS,53451aa9
"What are the detailed instructions for requesting my insurance payment through online bank transfer, as per FAQ answer above?",CLAIMS,53451aa9
I didn't receive any update regarding my claim repayment – what actions or checks should I make next to proceed with receiving it?,CLAIMS,53451aa9
I found a link for tracking claims on your website; how do I check the status of my claim?,CLAIMS,81d1239d
Where can I see if my insurance claim has been processed or not yet approved by you folks?,CLAIMS,81d1239d
Could you guide me on where to find out what's going on with my submitted insurance claim within our system?,CLAIMS,81d1239d
"I need some help understanding how someone else might verify the progress of their own claims; could you provide a brief overview without being too detailed or technical, please? If I don’t understand something about it and want to talk through, who should I speak with?",CLAIMS,81d1239d
Hey there! Just a little formal - I'm trying to make sure how my insurance reimbursement request is doing. Where do you all reckon this info can be seen?,CLAIMS,81d1239d
"I need to report some claims, could you guide me on how to do that?",CLAIMS,a776628a
What's the procedure for making a claim with my policy through your website?,CLAIMS,a776628a
Can someone help me make sense of filing an insurance claim and what steps am I supposed to take next?,CLAIMS,a776628a
"I require instructions on submitting claims, specifically electronic ones; where do I begin this process exactly?",CLAIMS,a776628a
For my quick understanding – could you walk me through the entire procedure for a single-issue auto accident claim under our roadside assistance insurance?,CLAIMS,a776628a
What steps should I take to start negotiating with my insurance about the settlement?,CLAIMS,035d590a
Could you guide me on what documents are needed for submitting a claim that will eventually lead to negotsation of terms?,CLAIMS,035d590a
"How do I review and understand my current coverage before we speak, please tell.",CLAIMS,035d590a
I need advice on discussing an initial offer with the insurer regarding this matter. What should be my strategy?,CLAIMS,035d590a
"As a final note, which demeanor would you recommend me to adopt during these settlement talks?",CLAIMS,035d590a
How do I accept a settlement offer from my insurance company?,CLAIMS,296fbf42
What steps should I take to agree on the settlement payment with the insurer?,CLAIMS,296fbf42
Can you guide me through accepting an insurance claim settlement via their portal?,CLAIMS,296fbf42
"I need instructions, please - how can one finalize and confirm a settled amount from my provider?",CLAIMS,296fbf42
The document mentions validation steps; could you clarify what this entails?,CLAIMS,296fbf42
What should I do to accept the settlement offer from my insurance company?,CLAIMS,87b63504
How can I acknowledge and confirm accepting a claim payment via your website?,CLAIMS,87b63504
I'm looking to get this process over with - what steps need to be taken for settling an insurance claim quickly?,CLAIMS,87b63504
Can somebody guide me through the procedure of agreeing on my settlement offer here please?,CLAIMS,87b63504
Could you detail how I can officially accept a financial resolution made by us regarding my policy?,CLAIMS,87b63504
How do I start getting my insurance payout?,CLAIMS,0edf9275
What steps should I take to receive payment from a claim with your company's website?,CLAIMS,0edf9275
I need help determining how to access the part of your site where payments appear for claims—can you guide me through or point it out please?,CLAIMS,0edf9275
Can I file a claim for my pet insurance through your website? How do I start the process?,CLAIMS,1dd64c58
I need assistance filing an animal insurance reimbursement request. Can you guide me on where and how to submit this online?,CLAIMS,1dd64c58
"Could someone show me step by step, in simple terms, how to file a claim for my pet's coverage with your company over the internet?",CLAIMS,1dd64c58
Kindly tell about initiating an insurance reimbursement request form submission process you offer on-line. What steps do I need follow through it quickly and effectively? Please share also any important deadlines or tips.,CLAIMS,1dd64c58
"Hurry! How can my owner, policy holder of animal health plan, submit the documents for a coverage claim online instantly?",CLAIMS,1dd64c58
How do I formally reject a settlement offer for my insurance claim?,CLAIMS,e3177b05
"I need to write and send a rejection letter of the settled amount; can you guide me through this process, please?",CLAIMS,e3177b05
Could someone explain to me what steps to follow if I want to refuse an offered settlement in regard to my recent claims filed?,CLAIMS,e3177b05
What should be included when declining insurance claim offers and who do we contact for such cases?,CLAIMS,e3177b05
"Just rejected a settle offer regarding my car accident; now how to ensure it's gone through, what are the proper steps?",CLAIMS,e3177b05
How can I let the insurance know that I'm not taking their settlement offer?,CLAIMS,4df3ee0b
What steps should I follow to reject an offered claim compensation formally through writing?,CLAIMS,4df3ee0b
"Where in my rejection notice do I include specific details about why, and how would it be formatted properly with reference numbers, for instance?",CLAIMS,4df3ee0b
Can you guide me on checking that the insurer has received my written objection to a counter-proposal or settlement? Should there also be another form of follow-up communication apart from calling them back?,CLAIMS,4df3ee0b
"What's your direct line just in case I run into issues while rejecting this offer, considering we might already have some misunderstandings over it?",CLAIMS,4df3ee0b
How can I start negotiating a better settlement offer with my insurance company?,CLAIMS,2117dd66
What steps should I take to improve the initial settlement proposal from my claims representative?,CLAIMS,2117dd66
"Can you guide me on what evidence is essential before beginning negotiation for compensation based on policy terms, please?",CLAIMS,2117dd66
Could you recommend a strategy that would help ensure a successful and respectful insurance claim negotiations process?,CLAIMS,2117dd66
In case there are discrepancies in the settlement offer received so far - how do I address these appropriately?,CLAIMS,2117dd66
I'm not happy with the settlement offer; can you guide me on how to formally reject it?,CLAIMS,c73453e0
What are my next steps if I want to turn down an insurance company's proposal for a deal?,CLAIMS,c73453e0
How do I go about letting the insurer know that we should not accept their final agreement for compensation?,CLAIMS,c73453e0
Can you explain what action is needed from me in order to firmly decline the settlement amount they presented to us and why it's unfair?,CLAIMS,c73453e0
I need assistance writing a polite but decisive refusal regarding an insurance offer – could your support team guide me through this?,CLAIMS,c73453e0
"Guys, I need some help rejecting a settlement offer. What should be my course of action?",CLAIMS,4d6874bb
What steps do we have to follow if I wish to turn down the insurance company's settlement suggestion made for me after an accident occurred.,CLAIMS,4d6874bb
"How can I formally say no to that lousy lowball settlement they're trying forcing upon us, and what exactly is needed in my response?",CLAIMS,4d6874bb
Is it just about replying through email or do we need some special format when sending our notice of refusal for their insurance company’s offer back here after the car crash.,CLAIMS,4d6874bb
"Looking to formally decline an overture made by our assailant's doughball protection, how should I initiate this process? Got a step-by-step guide on that?",CLAIMS,4d6874bb
How do I go about accepting a settlement offer?,CLAIMS,27f85166
Can you guide me through the process of settling my claim and what documents should I review first?,CLAIMS,27f85166
What's the next step after accessing my account to accept an insurance settlement?,CLAIMS,27f85166
"I want to discuss how I can negotiate a settlement for my claim, what steps should I take?",CLAIMS,d39b7e1b
Can you guide me on the process of negotiation with insurance when considering a partial compensation offer?,CLAIMS,d39b7e1b
How do I begin communicating effectively about my possible settlement package and its fairness based on previous negotiations or issues?,CLAIMS,d39b7e1b
What important documents should I present to an adjuster for supporting our discussions towards a reasonable payment agreement?,CLAIMS,d39b7e1b
"Given the details of my policy, how can I approach making a counter-offer that's informed and justified?",CLAIMS,d39b7e1b
I'm interested in accepting a settlement offer. How do I go about doing this?,CLAIMS,f4966179
Could you guide me on how to accept the insurance company's settlement proposal for my claim?,CLAIMS,f4966179
What is involved in finalizing and confirming an accepted settlement amount with your firm? Please advise.,CLAIMS,f4966179
"Follow these steps: examine terms, access account online > find offer then click 'accept', verify identity. Where should I start accepting a company's proposed payment for my claim?",CLAIMS,f4966179
I need to accept the insurance payout we discussed - what are all the necessary procedures?,CLAIMS,f4966179
Where do I begin the process to file a claim for my pet insurance?,CLAIMS,01ff9197
"Could you guide me through filing a fucking pet insurance claim with your company, pronto please!",CLAIMS,01ff9197
I want help submitting an urgent pet insurance claim. What steps should I follow exactly? Need details ASAP.,CLAIMS,01ff9197
What documentation is required to file and support my pending pet insurance claim as per the guidelines you've set up?,CLAIMS,01ff9197
Please explain in a friendly tone how quickly can we expect assistance following your review of my completed fucking urgent pet insurance claim.,CLAIMS,01ff9197
"I need help receiving my compensation, how do I start the process?",CLAIMS,b6c2d73e
What are the steps to initiate payment for an insurance claim on your site?,CLAIMS,b6c2d73e
Could you guide me through getting paid after filing a claim with no issues?,CLAIMS,b6c2d73e
"After submitting my claim, what is the procedure to ensure I receive compensation due in time?",CLAIMS,b6c2d73e
What do I need to do if there are problems while receiving payment for insurance benefits?,CLAIMS,b6c2d73e
How should I approach negotiating a fair settlement with my insurance company?,CLAIMS,79850fba
What documents do I need to gather before starting the negotiation process for a claim payout increase?,CLAIMS,79850fba
"Could you guide me on how best to respond if I disagree with my initial offer's value by my insurer, during negotiations?",CLAIMS,79850fba
How can professional conduct influence the outcome of settlement discussions following an unfortunate event affecting compensation claims?,CLAIMS,79850fba
What steps should I take next after analyzing my policy details in relation to possible claim entitlement?,CLAIMS,79850fba
How can I accept my settlement offer from the insurance company?,CLAIMS,212b5dc9
What are the steps for taking in a settlement and what do I need to understand before accepting it?,CLAIMS,212b5dc9
Could you help me with accessing my account on the website?,CLAIMS,212b5dc9
"In case of issues, how can I contact customer support regarding a claim section settlement page?",CLAIMS,212b5dc9
What verification steps are required after clicking 'Accept Offer' and what happens next?,CLAIMS,212b5dc9
Can you guide me through the process of negotiating an insurance settlement?,CLAIMS,8cd6b55d
What documents should I gather before starting to discuss a settlement with my insurer?,CLAIMS,8cd6b55d
How do I understand and use my insurance policy details in negotiation for better outcomes?,CLAIMS,8cd6b55d
Could you walk me through how to request modifications or clarifications from the claims representative regarding an initial offer?,CLAIMS,8cd6b55d
It would be great if someone could suggest a polite way to follow up after making revisions based on evidence and my entitlements. I want this done courteously.,CLAIMS,8cd6b55d
How do I formally reject a settlement offer?,CLAIMS,f58dc2fb
What steps should I take to decline an insurance claim settlement proposal in writing?,CLAIMS,f58dc2fb
"Can you guide me through the process of turning down a received insurance settlement, including what information must be included in my rejection notice?",CLAIMS,f58dc2fb
I've been offered a settlement amount by your company; could you provide details on submitting that I am refusing - specifically how to get back to them with certainty and clarity using their systems or communication protocols?,CLAIMS,f58dc2fb
"What measures should be taken after sending an email rejecting the insurance claim payout, especially regarding following up for confirmation?",CLAIMS,f58dc2fb
What steps should I take to negotiate a fair settlement offer with my insurance company?,CLAIMS,5b23966e
How can I understand the benefits and restrictions of my policy when preparing for negotiation?,CLAIMS,5b23966e
What is an effective method for approaching discussions about settling my claim amount with an insurer?,CLAIMS,5b23966e
"Could you guide me through creating a counter-proposal to present during settlement negotiations based on my policy details, and related correspondence?",CLAIMS,5b23966e
Is it advisable to maintain professionalism in tone while aiming for the best resolution when talking about my claim valuation with an insurance provider?,CLAIMS,5b23966e
How can I methodically negotiate a settlement with my insurance claim?,CLAIMS,87a669dd
Could you explain the steps to review and potentially counter an initial claims offer for better fairness?,CLAIMS,87a669dd
What kind of documentation should I gather before starting conversations about revising our proposed payment agreement?,CLAIMS,87a669dd
Is there a recommended manner or tone one should maintain during discussions aimed at modifying my claim settlement terms?,CLAIMS,87a669dd
Can you provide guidance on how to structure a revised proposal when negotiating with an insurance company regarding the payout?,CLAIMS,87a669dd
"I'd like to accept my settlement offer, how do I go about doing this?",CLAIMS,e28aa340
What steps are required for me to settle with the insurer?,CLAIMS,e28aa340
Could you guide me on accepting a claim payout via your website?,CLAIMS,e28aa340
Please explain step by step; I need help finalizing a settlement acceptance.,CLAIMS,e28aa340
"I've been offered a settlement, can we walk through how I should confirm it?",CLAIMS,e28aa340
How can I follow the status of my health insurance claim?,CLAIMS,2d24b791
Where should I look to check on my processed medical claims in our system?,CLAIMS,2d24b791
I'm having trouble seeing if my recent hospital visit was approved; how do I find this information online?,CLAIMS,2d24b791
What's the current status of my auto insurance claim? How can I find out more detailed information about it?,CLAIMS,ebf7773d
"Can you guide me through checking on the progress of an existing car insurance claim, and what should I look for online?",CLAIMS,ebf7773d
I want to monitor my automobile insurance claim; how do I go about doing this via your company's website?,CLAIMS,ebf7773d
Could someone assist me in tracking my outstanding auto claim at the current time without any complications?,CLAIMS,ebf7773d
How exactly can one review and understand update details on a personal car coverage claim submitted to your agency?,CLAIMS,ebf7773d
What steps should I follow to negotiate a better settlement with my insurance company?,CLAIMS,155a35a6
Can you guide me on how effectively I can bargain for an appropriate amount after submitting a claim?,CLAIMS,155a35a6
I need some advice on what issues in the initial proposal from my adjuster might indicate unfairness. How should I address them to get back into negotiation?,CLAIMS,155a35a6
What kind of information do you suggest compiling before starting negotiations with insurers regarding claims settlements?,CLAIMS,155a35a6
Could you provide a straightforward plan for constructing and presenting my counter-offer based on policy benefits?,CLAIMS,155a35a6
What documents should I gather to help me negotiate the settlement?,CLAIMS,8b23ed96
Can you guide me through understanding what my insurance policy covers when settling a claim?,CLAIMS,8b23ed96
How do I effectively approach and discuss the initial settlement offer with my claims adjuster?,CLAIMS,8b23ed96
How can I formulate an effective counter-offer using evidence from documents or prior communication in light of my coverage?,CLAIMS,8b23ed96
'Can you suggest ways to remain calm and courteous during negotiations for a better outcome?,CLAIMS,8b23ed96
How can I keep track of the progress on my insurance claim status?,CLAIMS,da1e79b0
"Can you guide me through monitoring an open insurance claim, please?",CLAIMS,da1e79b0
I wish to follow up and find out where we are with this claim; what steps do I need to take?,CLAIMS,da1e79b0
I'm not sure if I understand the current state of my filed claim as it seems stuck—what should be done?,CLAIMS,da1e79b0
"I'm considering rejecting a settlement, what should I keep in mind before doing so?",CLAIMS,e6803267
Could you guide me through the process of how to formally decline an insurance offer for my claim?,CLAIMS,e6803267
What is the significance of checking details on the settlement document and writing it down when refusing a deal from my personal standpoint?,CLAIMS,e6803267
"I want to make sure I'm doing thing right, after sending out rejections email should be any following steps or not? Can you repeat back this process for me again?",CLAIMS,e6803267
"Hello, just realized that I might need help in declining a settlement offer; what are the recommended actions according to our documents?",CLAIMS,e6803267
How do I start the process to submit a claim for my pet insurance? Please guide me.,CLAIMS,1bc937e7
"I need assistance with filed claims: can you help me initiate one using your website for my coverage type, please include all needed steps in simple terms and timeline expected. Thanks!",CLAIMS,1bc937e7
What are the necessary actions I must take to submit a pet insurance claim online? Quickly explain each step.,CLAIMS,1bc937e7
"Could someone assist me with submitting an urgent filed insurance claim for my policy at hand on your webpage, what is procedure would you suggest and roughly how soon can one expect feedback after submission as he advised?",CLAIMS,1bc937e7
"I am about to submit a reportable pet healthcare issue through the online platform; could someone clarify each step necessary including where I'm supposed to fill out my claim - not in need of legal terms, just straightforward guidance.",CLAIMS,1bc937e7
"I'm looking at the claim section for my pet insurance, what exactly do I have to fill out?",CLAIMS,c7843885
Can you tell me how to go about submitting an accidental damage insurance file from home office setup as mentioned in your FAQs?,CLAIMS,c7843885
"For urgent medical needs of a policyholder's dog, is there any expedited claim filing process on the website provided by my pet insurance company after reading their typical steps for submission?",CLAIMS,c7843885
"It seems I have to fill out some form and upload documents while filing claims. Can anyone explain this part in simple terms without using industry jargon or complex sentences, per your FAQs guidance please?",CLAIMS,c7843885
As a policy holder seeking immediate claim reimbursement for lost medication coverage due to unexpected theft described by you – what are my first steps at filing such an insurance claim according to company protocol?,CLAIMS,c7843885
How can I check the status of my insurance claim?,CLAIMS,fdfb43db
What do I need to do in order to track a paid-for claim online?,CLAIMS,fdfb43db
Could you guide me through monitoring the progress of an existing claim on the website?,CLAIMS,fdfb43db
I'm unsure how updates regarding my claim are communicated. Can someone explain the process via our support channels?,CLAIMS,fdfb43db
Can I obtain information about the current state or results concerning a filed insurance claim asynchronously from home?,CLAIMS,fdfb43db
How do I file a claim for my insurance policy?,CLAIMS,0c07a226
What steps are needed to submit an insurance claim on your website?,CLAIMS,0c07a226
Could you guide me through the process of making a claim with your company?,CLAIMS,0c07a226
"I need help understanding how to initiate and complete an insurance claim, please advise.",CLAIMS,0c07a226
Can I make a claim online for my {{INSURANCE_TYPE}} policy?,CLAIMS,0c07a226
How can I claim my compensation payment?,CLAIMS,af5c6df8
What steps do I need to follow to get paid for a valid insurance claim?,CLAIMS,af5c6df8
Can you guide me through the procedure of receiving my payment after submitting an insurance claim?,CLAIMS,af5c6df8
"I'm struggling with accessing my account dashboard, how can I still receive compensation payments?",CLAIMS,af5c6df8
How do I check on the status of my insurance claim?,CLAIMS,a6b564d9
Can you guide me through monitoring an active claim in our system?,CLAIMS,a6b564d9
Is there a way to receive updates about my pending claim online?,CLAIMS,a6b564d9
What steps are necessary for tracking one's insurance claim progress via your website?,CLAIMS,a6b564d9
"I need assistance with checking the status of my insurance case, how do I proceed?",CLAIMS,a6b564d9
Could you guide me through the process to formally accept a settlement offer?,CLAIMS,545d1139
"I'm having trouble accepting an insurance claim, can someone help?",CLAIMS,545d1139
What are the steps involved in agreeing to a proposed personal injury settlement from my provider?,CLAIMS,545d1139
Can I receive confirmation once I’ve accepted a compensation amount via email or SMS notification of acceptance?,CLAIMS,545d1139
"I need assistance with settling an insurance claim, can you help me navigate this process?",CLAIMS,545d1139
How do I formally accept a settlement offer from my insurance company?,CLAIMS,c2aa1890
"I'm not sure how to proceed with the claim, can someone guide me through accepting their settlement offer as they’ve indicated on their end?",CLAIMS,c2aa1890
What are the necessary steps if I wish to submit an electronic signature for settling my auto accident claim?,CLAIMS,c2aa1890
"Could you elaborate on what additional identification details might be needed after clicking a button labeled 'Accept Offer' in my insurance portal dashboard, especially when dealing with car accidents?",CLAIMS,c2aa1890
Steps seem unclear. Can someone clarify how I should go about using the electronic signature or ID to confirm settling an auto accident claim via email?,CLAIMS,c2aa1890
"I'm having trouble with the payment process, what should I do?",CLAIMS,e27d5ac2
Can you guide me through where to initiate my insurance claim payment on your website?,CLAIMS,e27d5ac2
"When requesting a refund for an insurance payout, how is that processed by email or phone form submission required before receiving cash in hand at participating locations such as banks and post offices nationwide within 7 working days once the claims department has verified its authenticity. Ensuring all provided information aligns with our records to avoid any payment delays?",CLAIMS,e27d5ac2
"I want my refund for an insurance claim, could you point me towards which options are available so I can choose how and where I receive it back as soon as possible after the payout decision is made by admin on Wednesdays at 5pm GMT following due diligsit steps?",CLAIMS,e27d5ac2
"Could someone clarify if obtaining a cash refund from my insurance claim requires specific documents, or just completing an online form and stating that I am ready to receive the payment back immediately after approval of said request via emailed notification confirmation on Thursdays at 3pm GMT?",CLAIMS,e27d5ac2
I'm a bit confused about how to get paid for my insurance claim; can you walk me through the process?,CLAIMS,81bc7c91
Could someone please explain to me step-by-step what I need to do in order to receive payment from an approved claim on your site?,CLAIMS,81bc7c91
What steps should I follow if I want compensation sent out after my insurance settlement is confirmed?,CLAIMS,81bc7c91
"I see there are instructions for getting paid - can you break it down into manageable parts that aren't too complex to understand easily and quickly perform them on your website, please?",CLAIMS,81bc7c91
"How urgent will the payment process be, once I select this option in my claim dashboard?",CLAIMS,81bc7c91
How can I start negotiating a settlement with my insurance?,CLAIMS,d7106693
"What documents do I need to gather for mediation on this claim, and where should they be sent?",CLAIMS,d7106693
Can you guide me through understanding the terms of my policy that affect settlements?,CLAIMS,d7106693
Could someone tell me how exactly to make a counter-offer after reviewing all evidence and policies?,CLAIMS,d7106693
What's important about keeping good communication during this negotiation for making things right?,CLAIMS,d7106693
How do I formally decline a settlement offer?,CLAIMS,a93f6e39
What procedures must I follow to just say no to the insurance company's proposed settlement amount for my claim?,CLAIMS,a93f6e39
"In rejecting their initial payment, how exactly am I supposed to communicate this?",CLAIMS,a93f6e39
"I'm struggling to understand how to reach a satisfactory settlement amount, can you guide me?",CLAIMS,f188c3c8
What steps should I follow to successfully negotiate my insurance claim payout?,CLAIMS,f188c3c8
Can we go over what exactly needs to be done when trying to get better terms on our initial offer from the insurance company?,CLAIMS,f188c3c8
How do I prepare a counter-offer that reflects fair coverage as per our policy details based on your advice regarding settlement negotiation?,CLAIMS,f188c3c8
"In negotiating with my adjuster, what approach and language should help me maintain professionalism while correcting any potential oversights in the initial offer?",CLAIMS,f188c3c8
What process should I follow to negotiate a settlement with my insurance company?,CLAIMS,2cf6a535
Where can I get information about how to reach an acceptable settlement for my claim?,CLAIMS,2cf6a535
Could you guide me on the steps involved in evaluating and responding to my initial settlement offer from the insurance provider based on my collected evidence and policy details?,CLAIMS,2cf6a535
"How should I communicate with my claims representative regarding any concerns or inaccuracies about a proposed settlement, while remaining polite and calm for an amicable resolution?",CLAIMS,2cf6a535
What's the procedure for filing a home insurance claim with this company?,CLAIMS,e021a574
"How can I lodge a fucked over property damage report here, and what do they need from me?",CLAIMS,e021a574
I want to submit an insurance claim; could you walk me through the steps on your site?,CLAIMS,e021a574
Can someone assist me right away in reporting my accident for coverage with this policy type?,CLAIMS,e021a574
Could I have a detailed guide or direct instructions on how to proceed if disaster hits and it's time to submit a claim?,CLAIMS,e021a574
I need some assistance. How do I get my payment from the insurance company regarding a claim?,CLAIMS,d79d2c1d
"What steps should I take to receive my reimbursement for an insurance payout, please guide me through it.",CLAIMS,d79d2c1d
Could you inform me about how one can proceed with collecting funds after filing an insurance claim?,CLAIMS,d79d2c1d
I'm trying to figure out the payment process following a recent insurance settlement. Can you explain?,CLAIMS,d79d2c1d
I have questions around getting my owed money due from the last claim I made; what do I need to know?,CLAIMS,d79d2c1d
How do I keep track of the status of my health insurance claim?,CLAIMS,b4651020
Can you tell me how to monitor a specific fucking health insurance claim on your website?,CLAIMS,b4651020
"I want to see where we're with this damn health insurance claim, what steps should I take?",CLAIMS,b4651020
Could someone guide me through the process of checking my current status for some wicked health claims?,CLAIMS,b4651020
The fucking system is not letting me know about our claim; how can you guys track it?,CLAIMS,b4651020
How can I check the status of my insurance claim?,CLAIMS,bd52192d
Where do I start to see what's happening with my claim on your website?,CLAIMS,bd52192d
Can you guide me through monitoring a specific Insurance Claim online?,CLAIMS,bd52192d
How can I view the status of my pet insurance claim?,CLAIMS,987aad5a
"I need to track a claim, what steps do I follow on your website?",CLAIMS,987aad5a
What are the methods for checking up on an open claim related to my lost parrot?,CLAIMS,987aad5a
Can you guide me through finding out if someone has seen my missing kitten? Claim details update with insurance.,CLAIMS,987aad5a
Where can I find information about a recent payment made towards my dog's treatment?,CLAIMS,987aad5a
How do I view the current status of my pending travel insurance claim?,CLAIMS,a9b2e053
What are the steps to check on a previously lodged travel insurance claim's progress at your website?,CLAIMS,a9b2e053
Can you guide me through accessing updates about my submitted travel insurance claim online?,CLAIMS,a9b2e053
"I need assistance—how do I find out where exactly we stand with processing for my claimed event coverage, could you help please?",CLAIMS,a9b2e053
How do I navigate the portal to see if there's been any update on our recently discussed policy benefit?,CLAIMS,a9b2e053
Can you guide me on how to negotiate a settlement with my insurance company?,CLAIMS,994fc3ae
What documents should I prepare before starting the negotiation for car accident compensation?,CLAIMS,994fc3ae
"How do I know if what's being offered in settlement terms aligns fairly with my policy limits and coverage, according to which can we base our counter-offer?",CLAIMS,994fc3ae
Could you advise me on how best to initiate a conversation with the insurance adjuster for presenting my proposed payment amount that seems lower than their initial offer?,CLAIMS,994fc3ae
How can I keep track of the progress on my claim?,CLAIMS,919d0ad7
"What steps need to be followed to monitor an insurance payment, please guide me through them quickly if possible.",CLAIMS,919d0ad7
Can someone tell me how they are processing all claims that were filed during this year's hurricane season and where exactly I can find updates for mine in particular? Please include the website link as well. ,CLAIMS,919d0ad7
"I need assistance with my claim status, would you direct them to a resource or provide detailed instructions on what actions they should take next at your end please ensure it is expedited.",CLAIMS,919d0ad7
I've filed an insurance claim and when can I expect confirmation from the company about its processing? This matters timelines are critical.,CLAIMS,919d0ad7
Can I track the status of my auto insurance claim? How do I go about it?,CLAIMS,b28d955a
Could you guide me on how to check up on an automobile accident compensation processing?,CLAIMS,b28d955a
"Is there a way for homeowners like myself using your services to follow-up with our vehicle repair claims online? If so, how?",CLAIMS,b28d955a
In what steps do I navigate the system in order to keep tabs on my damaged car case progressing through insurance coverage assessment?,CLAIMS,b28d955a
How do I start negotiating a settlement offer with my insurance company?,CLAIMS,66bb25a4
What documents should I have ready before discussing the car accident claim settleamtion?,CLAIMS,66bb25a4
Can you guide me on how to express concerns effectively about an initial settlement amount provided by my adjuster?,CLAIMS,66bb25a4
Could you provide tips for making a compelling revised offer based on policy coverage and prior communications with my insurance provider?,CLAIMS,66bb25a4
"What approach should I take when engaging in negotiations over claim settlement, so as to maintain good relations while ensuring fair payment?",CLAIMS,66bb25a4
How can I effectively negotiate a settlement for my claim?,CLAIMS,7c2babbd
What documents do I need to gather before starting the negotiation process with insurance?,CLAIMS,7c2babbd
Could you guide me on how to analyze my policy coverage when discussing the settlement offer?,CLAIMS,7c2babbd
Is it possible for your company to assist in crafting a stronger revised claim amount based on our conversation and my understanding of the policy limitations?,CLAIMS,7c2babbd
"Can you advise on displaying patience and politeness during negotiations without compromising firmness, so I can get fairer results?",CLAIMS,7c2babbd
How can I accept an insurance company's settlement offer?,CLAIMS,736c1103
What are the steps to officially acknowledge a settled claim with my provider?,CLAIMS,736c1103
"I need help accepting their payout; how do we make it official on your end, please guide me through?",CLAIMS,736c1103
Could someone walk me through checking into an accepted settlement payment by our insurance firm using my account details?,CLAIMS,736c1103
What should I look for in order to let the company know that they have gotten what's owed and it’s agreed upon?,CLAIMS,736c1103
How can I keep tabs on where my insurance claim is at?,CLAIMS,dbe4e828
Could you guide me through checking the status of an unprocessed claim?,CLAIMS,dbe4e828
I'm curious about how to see updates for a payment that hasn't been processed.,CLAIMS,dbe4e828
What steps should I take if I need information on my insurance payout process?,CLAIMS,dbe4e828
Please explain where and how often I can check the status of an outstanding claim.,CLAIMS,dbe4e828
Can you assist me in negotiating a fair settlement with my insurance company?,CLAIMS,6fe00a49
How should I begin the process of getting help to negotiate settling claims from my insurance coverage?,CLAIMS,6fe00a49
"What's an effective method for ensuring that I get what I deserve when it comes time to deal with setting up a fucking settlement through negotiation, based on documentations and policy information?",CLAIMS,6fe00a49
"When reviewing negotiations or the offered compensation from my insurance, where should I start highlighting inaccuracies if any exist?",CLAIMS,6fe00a49
Could you provide professional advice on maintaining composure while discussing a settlement negotiation?,CLAIMS,6fe00a49
How do I properly reject a settlement offer from my insurance payout?,CLAIMS,73965ce5
What steps are needed to formally decline the initial compensation offered by the claims adjuster regarding our case?,CLAIMS,73965ce5
Can you provide details on how to officially refuse taking previous settlinsement payments and explain why I should keep this information for myself as well.,CLAIMS,73965ce5
"Is there a specific protocol or form that needs filling out in order to state my refusal of the settlement deal, who do I need to address it with?",CLAIMS,73965ce5
Could you guide me through communicating about rejecting our current offer which I deem unfair?,CLAIMS,73965ce5
Where can I log into my account to get the insurance payment?,CLAIMS,abf9d6e5
I'm trying to apply for a claim. Where do I find instructions on this in your system?,CLAIMS,abf9d6e5
"Could you guide me through where and how to request an insurance payout from your records, please?",CLAIMS,abf9d6e5
What are the steps for receiving my payment due after making a successful insurance claim? Could someone clarify it with respectable details as I find those documents complex at times.,CLAIMS,abf9d6e5
I have encountered issues while trying to receive payments. What support options should I pursue when difficulties arise on this matter?,CLAIMS,abf9d6e5
How do I file a travel insurance claim?,CLAIMS,175984fc
Can you guide me through the steps to submit an insurance claim for my trip?,CLAIMS,175984fc
How do I formally reject a settlement offer for my claim?,CLAIMS,2cb08f98
What steps are involved in declining an insurance settlement proposal effectively?,CLAIMS,2cb08f98
"Can you guide me through the process of sending back a written refusal to our proposed settlement terms, including what details should be mentioned regarding my reason not accepting their finalised amount and estimated timeframe for hearing further action from us is appreciated.",CLAIMS,2cb08f98
"Is there an explicit protocol I must follow if I'm dissatisfied with the initial insurance company’s offer of compromise related to our ongoing claim? Please outline a sequence, as it would help me ensure that my concerns are duly communicated and retained for reference. Also, when is the advisable time period within which this procedure must be completed.",CLAIMS,2cb08f98
I received an settlement notice from you but I need some clarification before proceeding with its rejection or acceptance; could someone assist in providing information on why a decision was proposed to me as it's essential for understanding my options? Please direct me accordingly - thank you.,CLAIMS,2cb08f98
How do I know which settlement offer is accepted?,CLAIMS,aad46aae
What must I sign or provide to confirm the acceptance of a settlement offer from my insurer?,CLAIMS,aad46aae
Could you guide me on accepting an insurance settlement via your online portal?,CLAIMS,aad46aae
"Are there any steps that precede clicking 'Accept Offer' for settling with our provider, and what are they exactly?",CLAIMS,aad46aae
How do I get my fucking compensation from the insurance claim?,CLAIMS,c00023f7
What is the process for receiving payment associated with my insured event?,CLAIMS,c00023f7
Can you guide me through initiating a payout on an already filed insurance claim?,CLAIMS,c00023f7
"I need help filing and settling a successful insurance claim. What are the necessary steps to receive compensation payments, please include URLs if possible.",CLAIMS,c00023f7
What should I do after receiving my documents concerning how payment for damages is processed?,CLAIMS,c00023f7
"I'm considering a settlement, and where should I start doing this?",CLAIMS,aca3c2bc
What documents do I need to have ready if I want to discuss settling my claim with the insurance agency?,CLAIMS,aca3c2bc
Could you guide me through reviewing my policy details before negotiating for a better payout estimate?,CLAIMS,aca3c2bc
"How exactly should I approach our claims representative about possibly revising their proposed settlement based on some issues we've discussed, please provide steps if possible.",CLAIMS,aca3c2bc
After understanding what 'adequate negotiation tactics' mean in regards to my claim adjustment dialogue with the insurance company?,CLAIMS,aca3c2bc
Which items am I supposedly entitled under my policy that can strengthen my case while we discuss potential settlement amounts?,CLAIMS,aca3c2bc
How do I formally decline the settlement offer?,CLAIMS,e2d55ba1
"Can you explain to me how to reject a fair settlement and what my next steps should be regarding this claim number XX-123456789 as of today's date, considering it seems unfair.",CLAIMS,e2d55ba1
I received an acceptance letter for the settlement from their representative. How do I make sure they receive notice that I refuse to accept?,CLAIMS,e2d55ba1
Could you guide me on writing a formal email indicating my refusal and why; ensuring all pertinent details are included because it doesn’t seem right.,CLAIMS,e2d55ba1
"I'm still confused, could someone tell how exactly do the rejection steps for this settlement look like step by step? Please provide assistance as soon as possible.",CLAIMS,e2d55ba1
Can you guide me on how to check the status of my claim?,CLAIMS,af7ef80c
Is there a way I can see where we stand with my insurance claim right now?,CLAIMS,af7ef80c
I need help finding out if my insurance company has processed my submitted claim.,CLAIMS,af7ef80c
What steps do I take to get an update on what happened to my filed claim?,CLAIMS,af7ef80c
When will the updates appear for my pending claim request?,CLAIMS,af7ef80c
How do I submit a claim for my insurance?,CLAIMS,94034b9e
What is the procedure to file claims on your website?,CLAIMS,94034b9e
Can you guide me through filing an insurance claim online and what information needs to be included in it?,CLAIMS,94034b9e
"Could someone explain how to access the claim form section of your IA page for submitting a car accident report, please?",CLAIMS,94034b9e
I need immediate help on understanding if my personal details are mandatory while filing an insurance claim. What should they typically include?,CLAIMS,94034b9e
When can I expect to negotiate my insurance settlement?,CLAIMS,89c9fe26
How should I prepare for the negotiation of my claim offer with the company?,CLAIMS,89c9fe26
"What steps do I need to follow in preparing myself before discussing a counter-offer regarding my settlement, according to your policy guidelines?",CLAIMS,89c9fe26
Could you guide me through initiating and conducting negotiations for an insurance agreement that's fairer based on the information from our resources?,CLAIMS,89c9fe26
"What should I examine in regard to limitations within my coverage before trying to settle, as per your policy documentation?",CLAIMS,89c9fe26
I don't agree with the settlement they offered because I think it was too low. What do I need to do in order to formally reject their offer?,CLAIMS,07817b18
Could you give me instructions on how I should write a letter if I decide not to accept my insurance claim’s rejection amount?,CLAIMS,07817b18
What is the protocol for sending back my initial settlement proposal since I disagree with it - need some details about refusal procedure.,CLAIMS,07817b18
"My ex-insurer's compensation seems unfair, and I wish to refuse their offer. How should I formally communicate this decision in writing?",CLAIMS,07817b18
After reviewing the terms of the claim offering a sum insufficient for my loss and deciding against it; how do we proceed now?,CLAIMS,07817b18
What steps do I need to follow to accept the settlement offer?,CLAIMS,ff817ca9
"I'm a little confused about how to confirm that my insurance company’s settlement has been accepted. Could you guide me through it again, please?",CLAIMS,ff817ca9
Is there specific information in the claim section where I need to find and act on an offer from the claims team? How do they expect this process formalize?,CLAIMS,ff817ca9
"I would like a quick rundown of how quickly can my settlement acceptance be confirmed after agreeing. What are we looking at here, minutes or hours?",CLAIMS,ff817ca9
What steps should I take to negotiate a settlement with my insurance?,CLAIMS,b03cb2ea
Can you guide me on how to effectively push for a favorable settlement offer from the insurer?,CLAIMS,b03cb2ea
Is there a specific process I need to follow when wanting to discuss and counter-offer a proposed claim settlement?,CLAIMS,b03cb2ea
"How can I prepare myself before negotiating my personal injury or property damage claims with an adjuster, considering policy limitations?",CLAIMS,b03cb2ea
What is the best approach to dealing professionally with insurance representatives while trying to settle for something that aligns more closely with what's included in my coverage?,CLAIMS,b03cb2ea
Could you guide me on how I can formally decline a settlement offer?,CLAIMS,8c71da2e
"Can the insurance company reject my settlement, and if so, what steps should they follow for it to be accepted by them later or their representative?",CLAIMS,8c71da2e
What would constitute an appropriate reason in writing that justifies refusing their settlement deal on time?,CLAIMS,8c71da2e
"Is there a specific protocol I must adhere to before the insurer can reconsider our claims after my initial decline, and do they require sending back any official communication of this preference?",CLAIMS,8c71da2e
What's the recommended course of action for me right now if I decide that their settlement is not agreeable?,CLAIMS,8c71da2e
"I'd like to report a claim, how do I go about filing one?",CLAIMS,15745169
Where on your website can I submit my insurance file as per the guidelines provided?,CLAIMS,15745169
Could you guide me through the process of putting forward an online insurance claim for my policy details with step by step instructions?,CLAIMS,15745169
"I need to start a new claim, please direct me towards the submission procedure outlined on your FAQ page.",CLAIMS,15745169
Hi there! I have some papers and info that might make it into a valid claim. Can you show us how?,CLAIMS,15745169
Where can I submit my pet insurance claim on your website?,CLAIMS,3ff29d23
"I need to know where to file an auto claims - could you guide me, please?",CLAIMS,3ff29d23
I think there's a problem with our home cover; how do we go about filing a claim and who will review it?,CLAIMS,3ff29d23
What are the steps I should take immediately following my vehicle collision insurance loss to get compensated quickly?,CLAIMS,3ff29d23
How can I go about negotiating better settlement terms from my insurer?,CLAIMS,f49e4724
What steps should I take to counter an initial low offer for compensation following a claim?,CLAIMS,f49e4724
Could you guide me on how to approach the negotiation process with my auto insurance adjuster?,CLAIMS,f49e4724
"In seeking fair recompense after filing homeowner's claims, what strategy would effectively lead to better settlement terms from an insurer perspective?",CLAIMS,f49e4724
What is a polite and persuasive way I could communicate that the first proposal for repair costs doesn’t fairly reflect my situation?,CLAIMS,f49e4724
How can I check the status of my pet insurance claim?,CLAIMS,825be037
Is there a way for me to monitor where my pets' claims are in processing?,CLAIMS,825be037
Where do I go on your website to find out about my pending insurance claim for my furry friend?,CLAIMS,825be037
"After filing, how can I follow the progress of what has been submitted as an insurance claim under pet coverage?",CLAIMS,825be037
Could you guide me through checking if our recently filed pet insurance claim is still being processed?,CLAIMS,825be037
How can I get paid for my insurance claim?,CLAIMS,4f2c7a20
What are the steps to submit a payment request on your website?,CLAIMS,4f2c7a20
"I'm looking forward to receiving payments from you. Could you guide me through it again, please?",CLAIMS,4f2c7a20
Could someone help clarify who should contact in case I encounter difficulties with my online transaction for receiving payment?,CLAIMS,4f2c7a20
What procedures must be followed if the instructions on screen lead nowhere when trying to receive a payment?,CLAIMS,4f2c7a20
How can I start the process of negotiating a settlement?,CLAIMS,178f5fe1
What documents do I need to provide before starting negotiation with my insurance company about the claim's payout amount?,CLAIMS,178f5fe1
"Where should I begin when it comes time for me and my adjuster to discuss revising any initial offer based on evidence collected, you say?",CLAIMS,178f5fe1
How might one go about making a professional yet convincing counter-proposal in response to an insurance company's settlement offer?,CLAIMS,178f5fe1
Please guide me through the steps I should take with my adjuster if their initial settlement proposal does not seem just.,CLAIMS,178f5fe1
How do I officially accept my settlement offer from the insurance provider?,CLAIMS,3a3f4784
Can you guide me through accepting a proposed settlement via your portal?,CLAIMS,3a3f4784
"What steps are involved in validating and submitting an electronic signature on the offered settlement amount provided by us, for processing purposes?",CLAIMS,3a3f4784
I'm faced with some issues during the process of settling my claim. How do I reach out to customer support efficiently?,CLAIMS,3a3f4784
Where can I find confirmation that my selected offer has been officially accepted?,CLAIMS,3a3f4784
How do I check the status of my car insurance claim?,CLAIMS,e2833797
What steps should I follow to track an auto insurance payout online?,CLAIMS,e2833797
Can you guide me on viewing update in progress for a vehicle damage case under my policy with ABC Insurance Co.?,CLAIMS,e2833797
I need instructions on how to see the latest developments of my recent car claim - where do I start?,CLAIMS,e2833797
What are the ways to find out if someone's looking into processing their auto insurance settlement in a timely manner?,CLAIMS,e2833797
How do I check the status of my insurance claim?,CLAIMS,9cc14a7a
What steps are required to view a pending claim in our system?,CLAIMS,9cc14a7a
Can you guide me on how to get information about the progress of my filed claim with your company?,CLAIMS,9cc14a7a
I need help checking if my claim has been processed; what should I do next after filing it?,CLAIMS,9cc14a7a
What is the procedure for obtaining an update on a previously claimed event according to our records?,CLAIMS,9cc14a7a
What steps should I take to negotiate a settlement with my insurance company?,CLAIMS,e5fc9a0e
How can I effectively communicate changes that need to be made to an offered settlement based on policy details?,CLAIMS,e5fc9a0e
In what ways can reaching out and providing detailed information strengthen my case in negotiation conversations?,CLAIMS,e5fc9a0e
Can you guide me through the process of constructing a counter-offer for better compensation under my insurance terms?,CLAIMS,e5fc9a0e
"Why is maintaining composure crucial during settlement negotiations, as per your advice?",CLAIMS,e5fc9a0e
I don't think the settlement offer is fair. Can I decline it?,CLAIMS,8c2690a8
Is there a way for me to express my disagreement with the amount in this insurance claim without accepting it as offered? How do I do that?,CLAIMS,8c2690a8
"How can or should someone reject an unsatisfactory financial resolution after their car accident since they don't agree with what was proposed by the adjuster, particularly if time is short and we may need to formalize our communication soon.",CLAIMS,8c2690a8
I received a rejection letter for my insurance claim offer. What steps do I have to follow next?,CLAIMS,8c2690a8
What exactly are some of the reasons someone can provide in writing as grounds for refusing an initial settlement on their car accident claim?,CLAIMS,8c2690a8
"I'm trying to process my insurance payment, can you guide me through the steps?",CLAIMS,28101789
Where do I submit a request for getting paid from an insurance claim here?,CLAIMS,28101789
How does one initiate receiving money after filing an insurance claim on your platform?,CLAIMS,28101789
"I'm confused about how to get my payment post-claim. Can you make the process clearer, please?",CLAIMS,28101789
Could you provide instructions for submitting a request to receive payments from claims I made?,CLAIMS,28101789
What documents should I collect to negotiate my claim settlement?,CLAIMS,422b82b8
"Can you please explain how I can identify what’s covered by my insurance policy within the offer, and any limitations that might apply?",CLAIMS,422b82b8
How do I go about discussing corrections or concerns with an insurance representative regarding their initial settlement proposal?,CLAIMS,422b82b8
What should be considered when creating a revised settlement offer based on my situation and collected evidence?,CLAIMS,422b82b8
Could you advise me on maintaining the appropriate tone during negotiations to get a fair resolution faster?,CLAIMS,422b82b8
Can you guide me on how to formally accept a settlement offer provided by my insurance company?,CLAIMS,0918b579
What steps do I need to follow if I want to accept the settlement being offered for my claim with your firm?,CLAIMS,0918b579
"I received offers, where should I click to indicate that I wish to go ahead and take it. Could you advise me on this process please?",CLAIMS,0918b579
Is there a specific procedure I must undertake before finalizing an insurance company's settlement offer via email or phone help line? Please direct what changes are necessary in my actions.,CLAIMS,0918b579
"I seem unable to accept the latest communication regarding payment made by your firm, could you explain this settling process so that I fully understand and complete it?",CLAIMS,0918b579
I just need to file a claim; how do I go about doing that on your site?,CLAIMS,620efdae
"Could someone assist me in submitting an insurance claim through official channels, please.",CLAIMS,620efdae
What are the necessary steps and documents required for filing a car insurance claim with you? Please guide me quickly as it's urgent!,CLAIMS,620efdae
I wish to make my vehicle-related property damage claims; can I get help submitting one directly on your website or should I call first?,CLAIMS,620efdae
"Please give clear guidance: how do customers submit their home insurance claim forms, and what sort of information is needed?",CLAIMS,620efdae
Can you help me understand how to accept a settlement offer?,CLAIMS,f6868f51
I'm interested in finding out the steps for accepting an insurance settlement. Can you guide me through it?,CLAIMS,f6868f51
"What do I need to know before proceeding with settling my claim on your website, and can someone assist me with this process?",CLAIMS,f6868f51
Can you explain how to confirm that a settlement has been accepted once I've gone through the necessary steps in account management?,CLAIMS,f6868f51
I'm worried about not being able to access certain parts of the insurance portal. What should my next step be if difficulties arise while trying to accept an offer?,CLAIMS,f6868f51
Could you explain how to submit my home insurance claim?,CLAIMS,bb8a4f36
"I need help with filing a loss report for my house, what are the steps involved in this process on your platform?",CLAIMS,bb8a4f36
What items do I require when completing an online insurance claim form?,CLAIMS,bb8a4f36
I need to make a claim for my health insurance; can you guide me through where and how I should do it using your website?,CLAIMS,5a6efacb
"Where exactly on your official site am I supposed to start the claims process, with all necessary form fields filled out?",CLAIMS,5a6efacb
How can I check on the status of my life insurance claim right now?,CLAIMS,2012a69c
What's the latest update regarding my pending life coverage request?,CLAIMS,2012a69c
I need assistance viewing my beneficiary payment from a past claim—how do I find that information online?,CLAIMS,2012a69c
Where can I look to monitor progress on an outstanding disability insurance claim within the company website?,CLAIMS,2012a69c
Can someone guide me in navigating through our site to see any updates about my life assurance submission status?,CLAIMS,2012a69c
Is there a way for me to decline the settlement offer I received?,CLAIMS,642afbb8
What steps should I take if I want to reject my current insurance claim settlement?,CLAIMS,642afbb8
"Can the accepted settlement amount be revoked, and how would that process work?",CLAIMS,642afbb8
How do I formally state my refusal for a given policy settlement according to company guidelines?,CLAIMS,642afbb8
Could you assist me in understanding why it's possible or necessary to turn down a claim agreement?,CLAIMS,642afbb8
Could you guide me through the steps to negotiate a settlement with my insurance provider?,CLAIMS,be0e4d38
What should I do if I feel the first settlement offer doesn't fairly compensate for what we discussed in our policy and prior claims exchanges?,CLAIMS,be0e4d38
I want to understand how best to make strong counter-offers. Could you provide some tips on formulating these without overstepping my claim limits?,CLAIMS,be0e4d38
"In negotiating with the insurance company, when should I expect a timeline for them to review and respond to any revised settlement offers I've made based on further documentation provided by me.",CLAIMS,be0e4d38
Could you offer some advice around maintaining professionalism during these potentially lengthy negotiation processes?,CLAIMS,be0e4d38
How can I make a claim to get my compensation?,CLAIMS,b8f19c8f
I'm having trouble receiving my payout from the insurance for this incident; what should I do?,CLAIMS,b8f19c8f
What steps are necessary to collect my payment after filing an insurance claim?,CLAIMS,b8f19c8f
"My policy was damaged, and now I need financial assistance. How can I go about requesting it through your website?",CLAIMS,b8f19c8f
I am unclear on how the compensation process works for our situation; could you explain in simpler terms?,CLAIMS,b8f19c8f
What do I need to do accept an insurance settlement?,CLAIMS,e127658e
How can I formally agree to a cashless claim from my provider using the website?,CLAIMS,e127658e
Where exactly in your account should you find and confirm a payout offer through the online portal?,CLAIMS,e127658e
"After selecting 'Accept Offer' on my form, what are my next steps before finalizing payment agreement for accident settlement via email or signature capture feature?",CLAIMS,e127658e
"If I face issues accepting an insurance claim by click, whom should I contact within your company?",CLAIMS,e127658e
How can I accept a settlement offer from my insurance company?,CLAIMS,63076a33
I'm having trouble understanding how to proceed with accepting the claim payment—what are the steps involved?,CLAIMS,63076a33
"Could you guide me through the process of settling an insurance claim and providing guidance for each step along the way, please?",CLAIMS,63076a33
Please explain in detail what I need to do on my end after receiving a settlement offer to ensure it's accepted properly.,CLAIMS,63076a33
What immediate actions should I take right now to accept the latest offered amount?,CLAIMS,63076a33
Could you explain the process of how to accept a settlement offer from my insurance company?,CLAIMS,c25e707d
"Is it possible for me to approve an offered settlement, and if so, what are the steps I need to follow through with that decision?",CLAIMS,c25e707d
"What is required documentation or signatures needed when agreeing on a claim's compensation offer under my insurance policy coverage?,",CLAIMS,c25e707d
Can you help me understand how exactly do I proceed if I find myself ready and willing to accept an offered payout for my damages?,CLAIMS,c25e707d
"Could someone walk me through the verification procedures necessary upon accepting a settlement, please?",CLAIMS,c25e707d
Can you help me find out how my submitted car insurance claim is going?,CLAIMS,06252cfa
"I'm interested in checking the status of my auto claim, could you guide me through it?",CLAIMS,06252cfa
Is there a way I can monitor live updates on my current vehicle damage insurance claim online?,CLAIMS,06252cfa
What steps do I need to follow to keep an eye on where we are with processing my insurance claim for the car accident today?,CLAIMS,06252cfa
I'd appreciate some instructions or pointers in tracking down how progress of my auto insurance claims status is doing.,CLAIMS,06252cfa
Can you guide me on how to negotiate a settlement using my insurance claim?,CLAIMS,f75c3bae
What's the methodical way of going about settling an insurance case if I disagree with their initial quote?,CLAIMS,f75c3bae
I need assistance in knowing what steps are involved when trying to discuss and possibly amend a preliminary offer from my insurer. Can you help?,CLAIMS,f75c3bae
Could you explain how one can counter-offer effectively for better settlement terms based on the policy limitations?,CLAIMS,f75c3bae
What is an appropriate approach during negotiations with claim representatives that will lead towards fair compensation?,CLAIMS,f75c3bae
Could you guide me through the process of accepting an insurance settlement offer?,CLAIMS,0b183f40
"I need to accept a received settlement, how should I do it on your platform?",CLAIMS,0b183f40
What steps are involved in acknowledging my claim's settlement proposal from this website?,CLAIMS,0b183f40
How do I submit a claim for my pet insurance policy?,CLAIMS,dc21dc45
What are the steps involved in filing an insurance claim through your website?,CLAIMS,dc21dc45
"Could you guide me on how to send over documentation and attach it while submitting my claim online, please.",CLAIMS,dc21dc45
I'm looking to start a new property coverage claim; could someone walk me through each step of the process?,CLAIMS,dc21dc45
"I want to negotiate my settlement, how do I start?",CLAIMS,930f3285
Could you guide me through the process of making a payment adjustment request for an insurance claim because we believe it falls short?,CLAIMS,930f3285
What documentation should I gather before beginning negotiation with my insurance company on our claims amount overreach dispute?,CLAIMS,930f3285
"I'm preparing to counter an unfair settlement offer, could you tell me the key steps and what kind of information might help support a fairer proposal?",CLAIMS,930f3285
"When reviewing and discussing proposed claim resolutions with my insurer, how can I identify issues that need addressal for reaching amicable agreement?",CLAIMS,930f3285
What steps do I need to follow to file a claim for my pet insurance?,CLAIMS,97c85f3c
I’m not familiar with submitting an online policyholder claim. Can you guide me through the process?,CLAIMS,97c85f3c
Can someone assist me in understanding how to submit and complete a pets' insurance claim on your website?,CLAIMS,97c85f3c
"Could you please explain the steps involved for filing out an insurance claims form, specifically for pet insurance policies?",CLAIMS,97c85f3c
I have some documentation needed for my upcoming claim. Where do I upload these documents so that our team can process them quickly?,CLAIMS,97c85f3c
